timestamp,user_name,project_name,student_id,status
    2024-12-13 14:10:06,dfdf,dfdf,12345678,开始打印
2024-12-13 14:20:56,大张,小飞机,12345678,开始打印
2024-12-13 14:27:58,大壮,test,22222222,开始打印
2024-12-13 14:31:32,二装,顶顶顶,88888888,开始打印
2024-12-13 14:33:09,dfdf,dfd,99999999,开始打印
2024-12-13 14:42:54,333,444,55555555,开始打印
2024-12-13 14:45:38,45445,6666,88888888,开始打印
2024-12-13 14:47:50,23232,343434,22222222,开始打印
2024-12-13 14:48:10,23232,343434,22222222,开始打印
2024-12-13 14:49:29,对方对方,呃呃呃,33333333,开始打印
2024-12-13 14:52:36,3434,555,55555555,开始打印
2024-12-13 14:53:30,dfdf,eee,22222222,开始打印
2024-12-13 15:13:49,dfdf,sdfd,12345678,开始打印
2024-12-13 15:34:46,dfdf,eeee,11111111,开始打印
2024-12-13 15:40:25,dfdf,3333,77777777,开始打印
2024-12-13 15:41:38,444,55,44444444,开始打印
2024-12-13 15:46:48,张三,2323,22222222,开始打印
2024-12-13 15:47:05,试试,大会,88888888,开始打印
2024-12-13 15:48:40,老王,ddd,77777777,开始打印
2024-12-13 15:49:01,dd,999,00000000,开始打印
2024-12-13 15:49:25,fgf,ff,00000000,开始打印
2024-12-13 15:49:39,dfd,ff,11111111,开始打印
